<?xml version="1.0" encoding="UTF-8"?>
<project-private xmlns="http://www.netbeans.org/ns/project-private/1">
    <editor-bookmarks xmlns="http://www.netbeans.org/ns/editor-bookmarks/2" lastBookmarkId="0"/>
    <open-files xmlns="http://www.netbeans.org/ns/projectui-open-files/2">
        <group>
            <file>file:/C:/ExpenseTracker/src/Gui/Viewspending.java</file>
            <file>file:/C:/ExpenseTracker/src/Gui/Category.java</file>
            <file>file:/C:/ExpenseTracker/src/Gui/Login.java</file>
            <file>file:/C:/ExpenseTracker/src/Gui/Spendingtracker.java</file>
            <file>file:/C:/ExpenseTracker/src/db/DbConnect.java</file>
        </group>
    </open-files>
</project-private>
